﻿<?xml version="1.0" encoding="utf-8"?>
<WindowsCustomizations>
  <PackageConfig xmlns="urn:schemas-Microsoft-com:Windows-ICD-Package-Config.v1.0">
    <ID>{2f93b6b7-3308-4698-8b76-7f2814fd79b2}</ID>
    <Name>Lab06</Name>
    <Version>1.10</Version>
    <OwnerType>OEM</OwnerType>
    <Rank>0</Rank>
    <Notes></Notes>
  </PackageConfig>
  <Settings xmlns="urn:schemas-microsoft-com:windows-provisioning">
    <Customizations>
      <Common>
        <Accounts>
          <Users>
            <User UserName="Kiosk" Name="Kiosk">
              <HomeDir></HomeDir>
              <Password>123</Password>
              <UserGroup>Standard Users</UserGroup>
            </User>
          </Users>
        </Accounts>
        <AssignedAccess>
          <AssignedAccessSettings>{"Account":"Kiosk", "AUMID":"IoTLabs.TestApp.App_pahz3wb15em4c!App"}</AssignedAccessSettings>
        </AssignedAccess>
        <OOBE>
          <Desktop>
            <HideOobe>True</HideOobe>
          </Desktop>
        </OOBE>
        <Policies>
          <ApplicationManagement>
            <AllowAllTrustedApps>Yes</AllowAllTrustedApps>
          </ApplicationManagement>
        </Policies>
        <SMISettings>
          <AutoLogon>
            <DomainName></DomainName>
            <Enable>ENABLE</Enable>
            <Password>123</Password>
            <UserName>Kiosk</UserName>
          </AutoLogon>
          <HideAutologonUI>False</HideAutologonUI>
          <NoLockScreen>False</NoLockScreen>
        </SMISettings>
      </Common>
    </Customizations>
  </Settings>
</WindowsCustomizations>