﻿<?xml version="1.0" encoding="utf-8"?>
<ICDProject
  Name="Lab06"
  Description=""
  Version="2019.808.0.0"
  Id="{2f93b6b7-3308-4698-8b76-7f2814fd79b2}"
  TemplateName="Provisioning package"
  TemplateType="ProvisioningPackage">
  <TargetEditions>
    <Sku>
      <StoreType>File</StoreType>
      <Name>All Windows desktop editions</Name>
      <SourcePath>Microsoft-Desktop-Provisioning.dat</SourcePath>
      <Edition>Desktop</Edition>
      <Version>10.0</Version>
      <Description>Selecting this option will display settings that are specific to the desktop editions as well as settings that are common to all Windows editions.</Description>
    </Sku>
  </TargetEditions>
</ICDProject>